{
    "accuracies": [
        0.054375,
        0.098125,
        0.1925,
        0.2725,
        0.3325,
        0.325625,
        0.38875,
        0.445,
        0.446875,
        0.459375,
        0.416875,
        0.465,
        0.45375,
        0.494375,
        0.4,
        0.47625,
        0.504375,
        0.496875,
        0.50375,
        0.47,
        0.5025,
        0.4775,
        0.5025,
        0.4925,
        0.50375,
        0.50625,
        0.505,
        0.464375,
        0.540625,
        0.526875,
        0.525625,
        0.506875,
        0.511875,
        0.515625,
        0.546875,
        0.53,
        0.4875,
        0.526875,
        0.510625,
        0.514375,
        0.500625,
        0.551875,
        0.525625,
        0.5425,
        0.551875,
        0.5375,
        0.51625,
        0.533125,
        0.499375,
        0.536875,
        0.548125,
        0.53,
        0.545,
        0.53375,
        0.544375,
        0.54125,
        0.5125,
        0.57625,
        0.563125,
        0.574375,
        0.580625,
        0.56625,
        0.22125,
        0.54,
        0.5475,
        0.556875,
        0.5475,
        0.5625,
        0.55,
        0.560625,
        0.551875,
        0.554375,
        0.514375,
        0.59,
        0.545,
        0.54,
        0.56125,
        0.565,
        0.561875,
        0.57,
        0.573125,
        0.58125,
        0.368125,
        0.563125,
        0.514375,
        0.565625,
        0.414375,
        0.5625,
        0.573125,
        0.5775,
        0.540625,
        0.58,
        0.575625,
        0.13125,
        0.54875,
        0.57875,
        0.564375
    ],
    "losses": [
        0.009401515136100134,
        0.009169072425176573,
        0.008726036692613638,
        0.007600169417329852,
        0.006722588666752087,
        0.006123680384162498,
        0.005833283894781507,
        0.00537771922772812,
        0.005369346089101612,
        0.00509910086090161,
        0.005162896019282314,
        0.005294780366649388,
        0.004677889020299495,
        0.004799327316090981,
        0.004782257459273388,
        0.004925197128818151,
        0.004585300687835371,
        0.00482121694871305,
        0.004649007039122297,
        0.004566666774552895,
        0.004655536926814269,
        0.004596612388996908,
        0.004483990541031473,
        0.004657904164844382,
        0.0044223961898603335,
        0.004566346108922648,
        0.00416666978854234,
        0.00427505949674536,
        0.004239987575071886,
        0.004337982542923859,
        0.0043986945417902445,
        0.004380961208401726,
        0.004211767688782468,
        0.004097238239761338,
        0.00430398946926954,
        0.004317719310790186,
        0.00440908696162216,
        0.004214549631037751,
        0.004117657423475541,
        0.00420725274386987,
        0.004179490197654255,
        0.004480887686627688,
        0.004137405761642037,
        0.004037988036569267,
        0.00417327956438624,
        0.004230698632942138,
        0.004183540715462296,
        0.003940082393942251,
        0.0043092609358941865,
        0.004056057669569021,
        0.004082836562191497,
        0.004108275780149302,
        0.00414751242105704,
        0.0037596302424892335,
        0.003919012354801247,
        0.004201476052107757,
        0.004136867607865737,
        0.004072830584078852,
        0.004130235416574636,
        0.003983143775889256,
        0.0041787980378726235,
        0.004024729115768734,
        0.00497640009937205,
        0.004908791039374456,
        0.004036799397881625,
        0.004067023431812756,
        0.004041975247899295,
        0.003978427215949061,
        0.003969384335940436,
        0.003665655067709178,
        0.0039557214455299495,
        0.0040766349881002665,
        0.0036501006707850324,
        0.0037731269367881673,
        0.0037853534657130306,
        0.003989091538034022,
        0.003950804563675871,
        0.0038348627658184166,
        0.004125419809438113,
        0.0040115767395669895,
        0.0038284449789809613,
        0.0038347656051509996,
        0.005373985249690931,
        0.0047056773476007435,
        0.0038294975646872326,
        0.003890506594430812,
        0.0044856500546783555,
        0.0041841760092398116,
        0.0037729041433331102,
        0.003901036543401305,
        0.003714532429342381,
        0.003957732163547394,
        0.0038991413848747146,
        0.005298373213724412,
        0.005316071179862389,
        0.0038918793660162386,
        0.003480614856538982
    ],
    "noise_scales": [
        5.140023858984932e-05,
        8.091898780548945e-05,
        4.119379354960984e-06,
        2.253034290333744e-05,
        1.901719042507466e-05,
        8.940495717979502e-06,
        2.7184154532733373e-05,
        3.68403852917254e-05,
        4.034659286844544e-05,
        0.0001649910118430853,
        1.6671370758558623e-05,
        0.0001117296633310616,
        0.00013456212764140218,
        4.59636103187222e-05,
        1.970602897927165e-05,
        3.876529081026092e-05,
        7.938598719192669e-05,
        0.00013424994540400803,
        0.00011544610606506467,
        0.00011914496280951425,
        0.00028578590718097985,
        1.6968284398899414e-05,
        0.00019866260117851198,
        4.724118844023906e-05,
        0.00020785306696780026,
        2.4526061679353006e-05,
        5.435049388324842e-05,
        3.2371382985729724e-05,
        8.479281677864492e-05,
        0.000151237501995638,
        0.00015810255717951804,
        8.73050739755854e-05,
        8.996373071568087e-05,
        8.072580385487527e-05,
        0.0001871082349680364,
        7.640450348844752e-05,
        1.0572938663244713e-05,
        9.027186024468392e-05,
        1.699242966424208e-05,
        6.048445720807649e-05,
        3.878829375025816e-05,
        3.429357457207516e-05,
        0.0001672091311775148,
        6.523958290927112e-05,
        8.78621285664849e-05,
        2.2328165869112127e-05,
        4.061217259732075e-05,
        1.8042526789940894e-05,
        4.692057700594887e-05,
        0.00015440877177752554,
        0.0001870988926384598,
        4.864335278398357e-05,
        9.020688594318926e-05,
        0.00010631779878167436,
        3.0329994842759334e-05,
        0.00010907762771239504,
        6.749988187948475e-06,
        2.623622458486352e-05,
        0.00021074347023386508,
        8.520977280568331e-05,
        4.163185440120287e-05,
        4.759771763929166e-05,
        7.518102847825503e-06,
        4.8216355935437605e-05,
        9.748363663675264e-05,
        5.8668894780566916e-05,
        3.09452589135617e-05,
        9.558164310874417e-05,
        0.000283971952740103,
        1.9003415218321607e-05,
        0.00011914248170796782,
        8.609844371676445e-05,
        1.3256271813588683e-05,
        1.4729841495864093e-05,
        0.00012465441250242293,
        0.00012169752881163731,
        0.00023353305005002767,
        2.5563038434484042e-05,
        4.304579852032475e-05,
        4.815560532733798e-05,
        0.00031385954935103655,
        5.826351844007149e-05,
        7.007627573329955e-05,
        9.055944246938452e-05,
        9.73930727923289e-05,
        8.255286957137287e-05,
        3.624543751357123e-05,
        0.00010647644376149401,
        0.00010442969505675137,
        5.336432877811603e-05,
        8.048812014749274e-05,
        1.0866232514672447e-05,
        0.00011226894275750965,
        9.467794734518975e-05,
        8.192086534108967e-05,
        2.9132670533726923e-05,
        8.780485222814605e-05
    ],
    "training_time": 23.15056800842285,