{
    "accuracies": [
        0.34875,
        0.67630859375
    ],
    "losses": [
        0.28019384858285157,
        0.13288679081179078
    ],
    "noise_scales": [
        1.9000607380803558e-06,
        1.989958036574535e-06
    ],
    "training_time": 0.5494365692138672,
    "compute_cost": [
        51200,
        51200
    ]
}