{
    "accuracies": [
        0.08578125,
        0.40078125,
        0.609921875
    ],
    "losses": [
        0.0735710935121521,
        0.0557515643047191,
        0.033134212525663384
    ],
    "noise_scales": [
        3.564429425750859e-05,
        1.2331495327089215e-06,
        3.067004399781581e-06
    ],
    "training_time": 0.7908370494842529,
    "compute_cost": [
        12800,
        12800,
        12800
    ]
}