{
    "accuracies": [
        0.05453125,
        0.35234375,
        0.47328125,
        0.6178125
    ],
    "losses": [
        0.037146569556025785,
        0.029575215660323322,
        0.019725811995695192,
        0.014851926036801959
    ],
    "noise_scales": [
        4.470083877095021e-05,
        1.1968040780629963e-05,
        3.83866927222698e-06,
        5.968101959297201e-06
    ],
    "training_time": 1.2804017066955566,
    "compute_cost": [
        6400,
        6400,
        6400,
        6400
    ]
}