{
    "accuracies": [
        0.3518359375,
        0.6328125
    ],
    "losses": [
        0.13646589962234076,
        0.07087434319440787
    ],
    "noise_scales": [
        8.434796654910315e-06,
        2.9348952921282034e-06
    ],
    "training_time": 0.702810525894165,
    "compute_cost": [
        25600,
        25600
    ]
}