{
    "accuracies": [
        0.081875,
        0.29625,
        0.43125,
        0.52125,
        0.5478125,
        0.54875,
        0.585,
        0.625,
        0.5953125,
        0.6409375,
        0.6284375,
        0.660625,
        0.6528125,
        0.668125,
        0.6471875,
        0.6678125,
        0.6746875,
        0.6890625,
        0.641875,
        0.699375,
        0.6940625,
        0.694375,
        0.6796875,
        0.6640625,
        0.7034375
    ],
    "losses": [
        0.018635756766642666,
        0.015415451135209238,
        0.011128158738444508,
        0.009455685423255313,
        0.008677694525061534,
        0.007793782196703406,
        0.0071288506632337205,
        0.007162562740030436,
        0.006743901557372288,
        0.006422139263363872,
        0.006331112026193272,
        0.006182053639261352,
        0.006000988641953478,
        0.00588218192704409,
        0.005604018110354261,
        0.005676019730022669,
        0.005603082908669153,
        0.005614357018011236,
        0.00551587205453571,
        0.005475961023826807,
        0.005590673489770873,
        0.005516187220004201,
        0.005108683364939114,
        0.005307023773955765,
        0.005228786724530566
    ],
    "noise_scales": [
        1.4240592463465873e-05,
        1.725799302221276e-05,
        1.2991153198527172e-05,
        5.621568561764434e-05,
        3.05292742268648e-05,
        7.919117706478573e-06,
        9.892211528494954e-05,
        0.00011652836838038638,
        2.2615777197643183e-05,
        4.897595863440074e-05,
        3.084371201111935e-05,
        8.47127812448889e-05,
        5.8584148064255714e-05,
        0.00012534225243143737,
        4.925981556880288e-05,
        0.00013048404071014374,
        3.0005196094862185e-05,
        8.268518286058679e-05,
        2.944460356957279e-05,
        2.471656262059696e-05,
        1.8761744286166504e-05,
        4.230047852615826e-05,
        1.7668751752353273e-05,
        4.147923755226657e-05,
        4.3292260670568794e-05
    ],
    "training_time": 7.6777870655059814,
    "compute_cost": [
        3200,
        3200,
        3200,
        3200,
        3200,
        3200,
        3200,
        3200,
        3200,
        3200,
        3200,
        3200,
        3200,
        3200,
        3200,
        3200,
        3200,
        3200,
        3200,
        3200,
        3200,
        3200,
        3200,
        3200,
        3200
    ]
}