{
    "accuracies": [
        0.50767578125,
        0.7173828125
    ],
    "losses": [
        0.23475255188724045,
        0.09913296890332006
    ],
    "noise_scales": [
        7.796916747793148e-07,
        4.252825874573318e-06
    ],
    "training_time": 0.7291741371154785,
    "compute_cost": [
        51200,
        51200
    ]
}