{
    "accuracies": [
        0.38296875,
        0.62640625
    ],
    "losses": [
        0.06528861746179523,
        0.03431314316504926
    ],
    "noise_scales": [
        8.69905579747865e-06,
        1.2143556887167506e-05
    ],
    "training_time": 0.6713995933532715,
    "compute_cost": [
        12800,
        12800
    ]
}