{
    "accuracies": [
        0.286826171875,
        0.645703125
    ],
    "losses": [
        0.5578399104774074,
        0.3449575882358105
    ],
    "noise_scales": [
        7.413333946715284e-08,
        4.2926058085868135e-06
    ],
    "training_time": 0.9876904487609863,
    "compute_cost": [
        102400,
        102400
    ]
}