{
    "accuracies": [
        0.07625,
        0.18125,
        0.298125,
        0.43125,
        0.455625,
        0.519375,
        0.530625,
        0.52875,
        0.52625,
        0.570625,
        0.58,
        0.526875,
        0.53625,
        0.6175
    ],
    "losses": [
        0.009213260707012162,
        0.008151466690746241,
        0.0068773905156712155,
        0.00587486099032298,
        0.005154615091768105,
        0.004886919427679579,
        0.0045927360636440154,
        0.004494406933656443,
        0.004235074760030915,
        0.004000434315257098,
        0.004042043756355308,
        0.0038379356069938525,
        0.004188329465394581,
        0.0038178902468071064
    ],
    "noise_scales": [
        6.638298509642482e-05,
        2.4176084480131976e-05,
        3.774054130190052e-05,
        5.418762884801254e-05,
        4.135198469157331e-05,
        5.657706060446799e-05,
        5.1171948143746704e-05,
        1.4401477528735995e-05,
        2.593571025499841e-06,
        5.1915481890318915e-05,
        0.00013656799274031073,
        7.299934168258915e-06,
        5.326969767338596e-05,
        6.922366446815431e-05
    ],
    "training_time": 3.88848614692688,
    "compute_cost": [
        1600,
        1600,
        1600,
        1600,
        1600,
        1600,
        1600,
        1600,
        1600,
        1600,
        1600,
        1600,
        1600,
        1600
    ]
}