{
    "accuracies": [
        0.4453515625,
        0.69953125
    ],
    "losses": [
        0.13084297246071439,
        0.055621433961297935
    ],
    "noise_scales": [
        1.9922842966479948e-06,
        6.7679766289074905e-06
    ],
    "training_time": 0.8388080596923828,
    "compute_cost": [
        25600,
        25600
    ]
}