{
    "accuracies": [
        0.451904296875,
        0.701142578125
    ],
    "losses": [
        0.516949531629952,
        0.2183300332271471
    ],
    "noise_scales": [
        1.8265848211740376e-06,
        2.2614058252656832e-06
    ],
    "training_time": 0.7014644145965576,
    "compute_cost": [
        102400,
        102400
    ]
}