{
    "accuracies": [
        0.3671875,
        0.5840625,
        0.625,
        0.68125,
        0.695625
    ],
    "losses": [
        0.03289946718072991,
        0.01911267611727912,
        0.01388210554238006,
        0.011938833874028163,
        0.010482065660504638
    ],
    "noise_scales": [
        9.263705578632653e-06,
        1.7182375813717954e-05,
        6.3931188378774095e-06,
        5.88923467148561e-05,
        8.496749615005683e-06
    ],
    "training_time": 1.6405537128448486,
    "compute_cost": [
        6400,
        6400,
        6400,
        6400,
        6400
    ]
}