{
    "accuracies": [
        0.025625,
        0.3078125,
        0.4859375,
        0.573125,
        0.5828125,
        0.6096875
    ],
    "losses": [
        0.018587512654309246,
        0.016277523342734204,
        0.01163329170465456,
        0.009115900049817004,
        0.007787516721242808,
        0.006969918930914275
    ],
    "noise_scales": [
        5.157533087185584e-05,
        1.943404640769586e-05,
        5.0107391871279106e-05,
        1.990380769711919e-05,
        1.4268895029090345e-05,
        4.385735883261077e-05
    ],
    "training_time": 1.8869965076446533,
    "compute_cost": [
        3200,
        3200,
        3200,
        3200,
        3200,
        3200
    ]
}