{
    "accuracies": [
        0.4435546875
    ],
    "losses": [
        0.13138202591350037
    ],
    "noise_scales": [
        1.2937367500853725e-05
    ],
    "training_time": 0.4702439308166504,
    "compute_cost": [
        25600
    ]
}