{
    "accuracies": [
        0.29171875,
        0.5559375
    ],
    "losses": [
        0.034362881892460194,
        0.020465142829653497
    ],
    "noise_scales": [
        4.27422855864279e-06,
        7.034347800072283e-05
    ],
    "training_time": 0.678333044052124,
    "compute_cost": [
        6400,
        6400
    ]
}