{
    "accuracies": [
        0.30678955078125,
        0.64380126953125
    ],
    "losses": [
        2.216633179416092,
        1.141340563923502
    ],
    "noise_scales": [
        3.0409040618906147e-07,
        7.979361384968797e-07
    ],
    "training_time": 0.8562865257263184,
    "compute_cost": [
        409600,
        409600
    ]
}