{
    "accuracies": [
        0.41521484375,
        0.681982421875
    ],
    "losses": [
        0.5099631555242216,
        0.24309622955714333
    ],
    "noise_scales": [
        8.018101880225004e-07,
        1.0242286407446954e-05
    ],
    "training_time": 0.6259655952453613,
    "compute_cost": [
        102400,
        102400
    ]
}