{
    "accuracies": [
        0.4019921875,
        0.62892578125
    ],
    "losses": [
        0.2635491601854538,
        0.12740428786368613
    ],
    "noise_scales": [
        5.931204327680462e-07,
        3.0755977604712825e-06
    ],
    "training_time": 0.6008338928222656,
    "compute_cost": [
        51200,
        51200
    ]
}