{
    "accuracies": [
        0.081875,
        0.29625,
        0.43125,
        0.52125,
        0.5478125,
        0.54875,
        0.585
    ],
    "losses": [
        0.018635756766642666,
        0.015415451135209238,
        0.011128158738444508,
        0.009455685423255313,
        0.008677694525061534,
        0.007793782196703406,
        0.0071288506632337205
    ],
    "noise_scales": [
        1.4240592463465873e-05,
        1.725799302221276e-05,
        1.2991153198527172e-05,
        5.621568561764434e-05,
        3.05292742268648e-05,
        7.919117706478573e-06,
        9.892211528494954e-05
    ],
    "training_time": 2.267653465270996,
    "compute_cost": [
        3200,
        3200,
        3200,
        3200,
        3200,
        3200,
        3200
    ]
}