{
    "accuracies": [
        0.3578125,
        0.59578125
    ],
    "losses": [
        0.0691455712272689,
        0.034615764060641055
    ],
    "noise_scales": [
        8.81527921592351e-06,
        1.8478111087461002e-05
    ],
    "training_time": 0.7116508483886719,
    "compute_cost": [
        12800,
        12800
    ]
}