{
    "accuracies": [
        0.0585693359375,
        0.5935546875
    ],
    "losses": [
        1.1800608010268523,
        0.772559062039027
    ],
    "noise_scales": [
        4.656354576582089e-06,
        9.516514296592504e-07
    ],
    "training_time": 0.8015933036804199,
    "compute_cost": [
        204800,
        204800
    ]
}