{
    "accuracies": [
        0.066875,
        0.243125,
        0.4515625,
        0.5065625,
        0.5659375,
        0.5875,
        0.609375
    ],
    "losses": [
        0.01871841796845524,
        0.015620685098007573,
        0.01137916634049182,
        0.00947391390405604,
        0.008409546396646463,
        0.007847769201227352,
        0.007122050550203291
    ],
    "noise_scales": [
        1.5819721738807857e-05,
        8.153006638167426e-05,
        4.0824721509125084e-05,
        2.0923540432704613e-05,
        3.956703585572541e-05,
        7.605572318425402e-05,
        3.324159843032248e-05
    ],
    "training_time": 1.7968597412109375,
    "compute_cost": [
        3200,
        3200,
        3200,
        3200,
        3200,
        3200,
        3200
    ]
}