{
    "accuracies": [
        0.5501953125
    ],
    "losses": [
        0.4490425687241507
    ],
    "noise_scales": [
        3.1707902508060215e-06
    ],
    "training_time": 0.5332760810852051,
    "compute_cost": [
        102400
    ]
}