{
    "accuracies": [
        0.088125,
        0.265,
        0.5325,
        0.5340625,
        0.5853125,
        0.6603125
    ],
    "losses": [
        0.018516361369095756,
        0.015841420589159654,
        0.010755831863161373,
        0.008650389268730376,
        0.007491804468711678,
        0.006976121457126905
    ],
    "noise_scales": [
        1.9378203433007002e-05,
        3.7053840060252696e-05,
        4.8005866119638085e-05,
        1.446269470761763e-05,
        3.3984655601670966e-05,
        4.73312902613543e-05
    ],
    "training_time": [
        1.7138524055480957,
        1.7128522396087646,
        1.760998010635376,
        1.6900944709777832,
        1.6628217697143555,
        1.7509310245513916
    ],
    "compute_cost": [
        3200,
        3200,
        3200,
        3200,
        3200,
        3200
    ]
}