{
    "accuracies": [
        0.1995703125,
        0.634453125
    ],
    "losses": [
        0.1439905995104448,
        0.077784266874588
    ],
    "noise_scales": [
        1.2533121207525255e-06,
        1.1028192602680065e-05
    ],
    "training_time": 0.48624491691589355,
    "compute_cost": [
        25600,
        25600
    ]
}