{
    "accuracies": [
        0.196875,
        0.624140625
    ],
    "losses": [
        0.14292509931808653,
        0.07768809813757796
    ],
    "noise_scales": [
        4.375765911390772e-06,
        1.1665089004964102e-05
    ],
    "training_time": [
        11.978300333023071,
        10.87285041809082
    ],
    "compute_cost": [
        25600,
        25600
    ]
}