{
    "accuracies": [
        0.2834375,
        0.596484375,
        0.675234375
    ],
    "losses": [
        0.0706136949749661,
        0.03808537497782051,
        0.02511199333594936
    ],
    "noise_scales": [
        8.175567927537486e-06,
        1.3457907698466443e-05,
        2.4669288904988207e-05
    ],
    "training_time": [
        5.620348930358887,
        5.992970705032349,
        5.925527334213257
    ],
    "compute_cost": [
        12800,
        12800,
        12800
    ]
}