{
    "accuracies": [
        0.07875,
        0.43265625,
        0.5796875,
        0.63109375
    ],
    "losses": [
        0.036711280011552376,
        0.027428311736503716,
        0.017195329294559403,
        0.013422054677099539
    ],
    "noise_scales": [
        2.5329649361083284e-05,
        4.058165359310806e-06,
        1.7276350263273343e-05,
        9.7130068752449e-06
    ],
    "training_time": [
        3.2247729301452637,
        3.1050965785980225,
        3.0867249965667725,
        3.088181972503662
    ],
    "compute_cost": [
        6400,
        6400,
        6400,
        6400
    ]
}