{
    "accuracies": [
        0.05125,
        0.10125,
        0.228125,
        0.329375,
        0.36625,
        0.378125,
        0.42125,
        0.43,
        0.408125,
        0.458125,
        0.44875,
        0.466875,
        0.4825,
        0.49375,
        0.445,
        0.484375,
        0.48375,
        0.42875,
        0.4925,
        0.505,
        0.4625,
        0.504375,
        0.526875,
        0.48875,
        0.545625,
        0.458125,
        0.51375,
        0.51,
        0.479375,
        0.575,
        0.504375,
        0.540625,
        0.51,
        0.51,
        0.51,
        0.536875,
        0.540625,
        0.53,
        0.563125,
        0.516875,
        0.5175,
        0.5575,
        0.3525,
        0.538125,
        0.580625,
        0.4975,
        0.54625,
        0.54875,
        0.57875,
        0.565625,
        0.575625,
        0.55375,
        0.4975,
        0.3725,
        0.550625,
        0.575,
        0.611875
    ],
    "losses": [
        0.009388471545303817,
        0.00894062091268366,
        0.007719388656180213,
        0.007019365585860076,
        0.006272137393504908,
        0.0058633486528260744,
        0.0057884165658687635,
        0.005509111230905523,
        0.005248808178351332,
        0.0050214065708631996,
        0.004870258856114048,
        0.004853205607541201,
        0.0047919352463063405,
        0.004713675038926866,
        0.0047703242782134855,
        0.004547810985985146,
        0.0044493364190848345,
        0.0047396578311102375,
        0.004478353538025934,
        0.004580330262807052,
        0.004668698856705463,
        0.004343234475560175,
        0.00440945103513126,
        0.004463902046054958,
        0.004335155766821861,
        0.0041695517714477525,
        0.004382908785270765,
        0.004558110785809216,
        0.00435205339004492,
        0.004315366103634334,
        0.004301880492323716,
        0.004546251843647608,
        0.004277201741846176,
        0.0045483068788567445,
        0.003989295293489571,
        0.004246209623463588,
        0.004246001694911614,
        0.004056596663278773,
        0.004071131380993123,
        0.004124634535135971,
        0.004389122787129528,
        0.004125988022203635,
        0.004341339944400398,
        0.004199345013992463,
        0.0036810288951790384,
        0.00397075348798839,
        0.004018252357926986,
        0.00374562012004723,
        0.003979141984554487,
        0.0037672210325571855,
        0.0037173144321201094,
        0.004032865912769332,
        0.003857087087564208,
        0.0050889569063747525,
        0.0042234109082820446,
        0.004105781233893117,
        0.0036331468812563746
    ],
    "noise_scales": [
        0.0001017138347378932,
        5.850885281688534e-05,
        0.0001150253665400669,
        8.60139261931181e-05,
        3.799244586843997e-05,
        2.323442640772555e-05,
        3.86956671718508e-05,
        6.129813846200705e-05,
        4.209112739772536e-05,
        0.00014127601752988994,
        2.9871640435885638e-05,
        6.482574826804921e-05,
        1.4552663742506411e-05,
        0.00012243505625519902,
        5.8881149016087875e-05,
        1.4535896298184525e-05,
        0.0001305415207752958,
        6.4576329350529704e-06,
        3.6949040804756805e-05,
        6.238193600438535e-05,
        3.151024429826066e-05,
        2.2256144802668132e-05,
        0.00017612834926694632,
        2.0222692910465412e-05,
        0.0003192013537045568,
        4.116178843105445e-06,
        8.123676525428891e-05,
        7.896087481640279e-05,
        7.027446372376289e-06,
        0.00010610697790980339,
        5.592260276898742e-05,
        4.9195172323379666e-05,
        3.817999458988197e-05,
        9.447337652090937e-05,
        4.311043448979035e-05,
        0.0001251888315891847,
        2.4143017071764916e-05,
        5.320394120644778e-05,
        1.3305565516930073e-05,
        3.993444988736883e-05,
        0.0027186262886971235,
        0.00016856694128364325,
        3.908145572495414e-06,
        5.144994429429062e-05,
        0.00011478192755021155,
        4.8764512030174956e-05,
        2.811619924614206e-05,
        0.00012124965724069625,
        0.00011193464888492599,
        6.477918213931844e-05,
        6.116278382251039e-05,
        8.499550312990323e-05,
        6.510867933684494e-06,
        7.779496081639081e-05,
        0.00010489236592547968,
        6.140903860796243e-05,
        0.00013547655544243753
    ],
    "training_time": [
        1.2503409385681152,
        0.882075309753418,
        0.8797650337219238,
        0.9715394973754883,
        0.8679919242858887,
        0.9697287082672119,
        0.9273741245269775,
        0.9286768436431885,
        1.0051922798156738,
        1.004101037979126,
        0.9956023693084717,
        1.0237159729003906,
        0.9613430500030518,
        0.990288496017456,
        1.015728235244751,
        0.9923772811889648,
        1.0022740364074707,
        1.0111067295074463,
        0.9575150012969971,
        0.9901046752929688,
        0.9847841262817383,
        0.9233946800231934,
        0.9976308345794678,
        1.0099868774414062,
        0.9235126972198486,
        0.9668426513671875,
        0.9494948387145996,
        0.9914565086364746,
        0.9845840930938721,
        0.9803645610809326,
        0.9764645099639893,
        1.0166094303131104,
        0.999373197555542,
        1.020925521850586,
        1.019254446029663,
        0.9877901077270508,
        0.9672822952270508,
        0.970402717590332,
        1.0050547122955322,
        1.0267581939697266,
        0.9541959762573242,
        1.0070624351501465,
        1.0557570457458496,
        1.0204241275787354,
        1.0431756973266602,
        0.9992341995239258,
        1.0718774795532227,
        1.0247018337249756,
        0.9641127586364746,
        1.0174312591552734,
        0.9952602386474609,
        1.0070514678955078,
        1.027641773223877,
        0.9757874011993408,
        0.9956257343292236,
        0.9840474128723145,
        0.9912731647491455
    ],
    "compute_cost": [
        1600,
        1600,
        1600,
        1600,
        1600,
        1600,
        1600,
        1600,
        1600,
        1600,
        1600,
        1600,
        1600,
        1600,
        1600,
        1600,
        1600,
        1600,
        1600,
        1600,
        1600,
        1600,
        1600,
        1600,
        1600,
        1600,
        1600,
        1600,
        1600,
        1600,
        1600,
        1600,
        1600,
        1600,
        1600,
        1600,
        1600,
        1600,
        1600,
        1600,
        1600,
        1600,
        1600,
        1600,
        1600,
        1600,
        1600,
        1600,
        1600,
        1600,
        1600,
        1600,
        1600,
        1600,
        1600,
        1600,
        1600
    ]
}