{
    "accuracies": [
        0.05125,
        0.10125,
        0.228125,
        0.329375,
        0.36625,
        0.378125,
        0.42125,
        0.43,
        0.408125,
        0.458125,
        0.44875,
        0.466875,
        0.4825,
        0.49375,
        0.445,
        0.484375,
        0.48375,
        0.42875,
        0.4925,
        0.505,
        0.4625,
        0.504375,
        0.526875,
        0.48875,
        0.545625,
        0.458125,
        0.51375,
        0.51,
        0.479375,
        0.575,
        0.504375,
        0.540625,
        0.51,
        0.51,
        0.51,
        0.536875,
        0.540625,
        0.53,
        0.563125,
        0.516875,
        0.5175,
        0.5575,
        0.3525,
        0.538125,
        0.580625,
        0.4975,
        0.54625,
        0.54875,
        0.57875,
        0.565625,
        0.575625,
        0.55375,
        0.4975,
        0.3725,
        0.550625,
        0.575,
        0.611875
    ],
    "losses": [
        0.009388471545303817,
        0.00894062091268366,
        0.007719388656180213,
        0.007019365585860076,
        0.006272137393504908,
        0.0058633486528260744,
        0.0057884165658687635,
        0.005509111230905523,
        0.005248808178351332,
        0.0050214065708631996,
        0.004870258856114048,
        0.004853205607541201,
        0.0047919352463063405,
        0.004713675038926866,
        0.0047703242782134855,
        0.004547810985985146,
        0.0044493364190848345,
        0.0047396578311102375,
        0.004478353538025934,
        0.004580330262807052,
        0.004668698856705463,
        0.004343234475560175,
        0.00440945103513126,
        0.004463902046054958,
        0.004335155766821861,
        0.0041695517714477525,
        0.004382908785270765,
        0.004558110785809216,
        0.00435205339004492,
        0.004315366103634334,
        0.004301880492323716,
        0.004546251843647608,
        0.004277201741846176,
        0.0045483068788567445,
        0.003989295293489571,
        0.004246209623463588,
        0.004246001694911614,
        0.004056596663278773,
        0.004071131380993123,
        0.004124634535135971,
        0.004389122787129528,
        0.004125988022203635,
        0.004341339944400398,
        0.004199345013992463,
        0.0036810288951790384,
        0.00397075348798839,
        0.004018252357926986,
        0.00374562012004723,
        0.003979141984554487,
        0.0037672210325571855,
        0.0037173144321201094,
        0.004032865912769332,
        0.003857087087564208,
        0.0050889569063747525,
        0.0042234109082820446,
        0.004105781233893117,
        0.0036331468812563746
    ],
    "noise_scales": [
        0.0001017138347378932,
        5.850885281688534e-05,
        0.0001150253665400669,
        8.60139261931181e-05,
        3.799244586843997e-05,
        2.323442640772555e-05,
        3.86956671718508e-05,
        6.129813846200705e-05,
        4.209112739772536e-05,
        0.00014127601752988994,
        2.9871640435885638e-05,
        6.482574826804921e-05,
        1.4552663742506411e-05,
        0.00012243505625519902,
        5.8881149016087875e-05,
        1.4535896298184525e-05,
        0.0001305415207752958,
        6.4576329350529704e-06,
        3.6949040804756805e-05,
        6.238193600438535e-05,
        3.151024429826066e-05,
        2.2256144802668132e-05,
        0.00017612834926694632,
        2.0222692910465412e-05,
        0.0003192013537045568,
        4.116178843105445e-06,
        8.123676525428891e-05,
        7.896087481640279e-05,
        7.027446372376289e-06,
        0.00010610697790980339,
        5.592260276898742e-05,
        4.9195172323379666e-05,
        3.817999458988197e-05,
        9.447337652090937e-05,
        4.311043448979035e-05,
        0.0001251888315891847,
        2.4143017071764916e-05,
        5.320394120644778e-05,
        1.3305565516930073e-05,
        3.993444988736883e-05,
        0.0027186262886971235,
        0.00016856694128364325,
        3.908145572495414e-06,
        5.144994429429062e-05,
        0.00011478192755021155,
        4.8764512030174956e-05,
        2.811619924614206e-05,
        0.00012124965724069625,
        0.00011193464888492599,
        6.477918213931844e-05,
        6.116278382251039e-05,
        8.499550312990323e-05,
        6.510867933684494e-06,
        7.779496081639081e-05,
        0.00010489236592547968,
        6.140903860796243e-05,
        0.00013547655544243753
    ],
    "training_time": [
        1.2167441844940186,
        0.8874964714050293,
        0.8141133785247803,
        0.8637473583221436,
        1.1718549728393555,
        1.1308879852294922,
        0.996321439743042,
        1.0662169456481934,
        1.1392016410827637,
        1.4110288619995117,
        1.3572361469268799,
        1.4217438697814941,
        1.7686638832092285,
        1.7791554927825928,
        1.7334730625152588,
        1.8365731239318848,
        1.844985008239746,
        1.8770081996917725,
        1.8293135166168213,
        1.813310146331787,
        1.7540338039398193,
        1.3750216960906982,
        0.9152019023895264,
        0.8154251575469971,
        0.8096692562103271,
        0.837242603302002,
        0.8227059841156006,
        1.390882968902588,
        1.051041841506958,
        1.091264009475708,
        1.3412442207336426,
        1.0080459117889404,
        1.0867908000946045,
        1.0650873184204102,
        1.0808179378509521,
        0.9971802234649658,
        1.53631591796875,
        1.100914478302002,
        1.4829144477844238,
        0.886103630065918,
        0.8361186981201172,
        0.9214143753051758,
        0.8282830715179443,
        0.902202844619751,
        1.0496129989624023,
        1.8819003105163574,
        1.2797906398773193,
        1.3630330562591553,
        1.0627000331878662,
        1.3697528839111328,
        1.398350715637207,
        1.7952945232391357,
        1.7751145362854004,
        1.5626647472381592,
        0.9666414260864258,
        1.4925086498260498,
        1.549295425415039
    ],
    "compute_cost": [
        1600,
        1600,
        1600,
        1600,
        1600,
        1600,
        1600,
        1600,
        1600,
        1600,
        1600,
        1600,
        1600,
        1600,
        1600,
        1600,
        1600,
        1600,
        1600,
        1600,
        1600,
        1600,
        1600,
        1600,
        1600,
        1600,
        1600,
        1600,
        1600,
        1600,
        1600,
        1600,
        1600,
        1600,
        1600,
        1600,
        1600,
        1600,
        1600,
        1600,
        1600,
        1600,
        1600,
        1600,
        1600,
        1600,
        1600,
        1600,
        1600,
        1600,
        1600,
        1600,
        1600,
        1600,
        1600,
        1600,
        1600
    ]
}