{
    "accuracies": [
        0.426884765625,
        0.707314453125
    ],
    "losses": [
        1.028439213774588,
        0.4739779995577949
    ],
    "noise_scales": [
        1.171280956668852e-07,
        2.8878243938379455e-06
    ],
    "training_time": 0.7433931827545166,
    "compute_cost": [
        204800,
        204800
    ]
}