{
    "accuracies": [
        0.04671875,
        0.248125,
        0.454375,
        0.55703125,
        0.6315625
    ],
    "losses": [
        0.03714284517596276,
        0.03248828070904153,
        0.02291778606068949,
        0.016623652188827654,
        0.013818192989645093
    ],
    "noise_scales": [
        0.0002678332384675741,
        7.662124517082702e-06,
        3.5573673358157976e-06,
        3.1783199574419996e-06,
        2.521451096981764e-05
    ],
    "training_time": 1.2245638370513916,
    "compute_cost": [
        6400,
        6400,
        6400,
        6400,
        6400
    ]
}