{
    "accuracies": [
        0.50234375,
        0.676015625,
        0.7234375
    ],
    "losses": [
        0.06207093320214065,
        0.028233145098030127,
        0.020154763924905256
    ],
    "noise_scales": [
        1.1216178791073617e-05,
        5.246322871244047e-06,
        2.8758902772096917e-05
    ],
    "training_time": 0.9614236354827881,
    "compute_cost": [
        12800,
        12800,
        12800
    ]
}