{
    "accuracies": [
        0.53787109375,
        0.7268359375
    ],
    "losses": [
        0.22617431959191533,
        0.09381223110339197
    ],
    "noise_scales": [
        1.2397426871757489e-06,
        4.451527274795808e-06
    ],
    "training_time": 0.680544376373291,
    "compute_cost": [
        51200,
        51200
    ]
}